<TextureAtlas imagePath="sprites.png">
	<SubTexture name="TireBlack.png" x="0" y="375" width="8" height="13"/>
	<SubTexture name="TireWhite.png" x="0" y="388" width="7" height="13"/>
	<SubTexture name="car1_blue.png" x="128" y="296" width="42" height="74"/>
	<SubTexture name="car1_green.png" x="87" y="74" width="42" height="74"/>
	<SubTexture name="car1_orange.png" x="44" y="222" width="42" height="74"/>
	<SubTexture name="car1_purple.png" x="128" y="148" width="42" height="74"/>
	<SubTexture name="car1_red.png" x="44" y="0" width="43" height="74"/>
	<SubTexture name="car1_yellow.png" x="128" y="222" width="42" height="74"/>
	<SubTexture name="car2_blue.png" x="330" y="83" width="40" height="83"/>
	<SubTexture name="car2_green.png" x="330" y="0" width="40" height="83"/>
	<SubTexture name="car2_orange.png" x="290" y="249" width="40" height="83"/>
	<SubTexture name="car2_purple.png" x="290" y="166" width="40" height="83"/>
	<SubTexture name="car2_red.png" x="290" y="83" width="40" height="83"/>
	<SubTexture name="car2_yellow.png" x="290" y="0" width="40" height="83"/>
	<SubTexture name="car3_blue.png" x="250" y="318" width="40" height="81"/>
	<SubTexture name="car3_green.png" x="250" y="237" width="40" height="81"/>
	<SubTexture name="car3_orange.png" x="250" y="156" width="40" height="81"/>
	<SubTexture name="car3_purple.png" x="250" y="75" width="40" height="81"/>
	<SubTexture name="car3_red.png" x="330" y="247" width="40" height="81"/>
	<SubTexture name="car3_yellow.png" x="330" y="166" width="40" height="81"/>
	<SubTexture name="car4_blue.png" x="0" y="0" width="44" height="74"/>
	<SubTexture name="car4_green.png" x="0" y="222" width="44" height="74"/>
	<SubTexture name="car4_orange.png" x="0" y="148" width="44" height="74"/>
	<SubTexture name="car4_purple.png" x="43" y="296" width="43" height="74"/>
	<SubTexture name="car4_red.png" x="0" y="296" width="43" height="74"/>
	<SubTexture name="car4_yellow.png" x="0" y="74" width="44" height="74"/>
	<SubTexture name="car5_blue.png" x="170" y="300" width="40" height="75"/>
	<SubTexture name="car5_green.png" x="170" y="150" width="40" height="75"/>
	<SubTexture name="car5_orange.png" x="170" y="225" width="40" height="75"/>
	<SubTexture name="car5_purple.png" x="210" y="150" width="40" height="75"/>
	<SubTexture name="car5_red.png" x="129" y="0" width="41" height="75"/>
	<SubTexture name="car5_yellow.png" x="211" y="0" width="40" height="75"/>
	<SubTexture name="car6_blue.png" x="87" y="0" width="42" height="74"/>
	<SubTexture name="car6_green.png" x="86" y="296" width="42" height="74"/>
	<SubTexture name="car6_orange.png" x="86" y="222" width="42" height="74"/>
	<SubTexture name="car6_purple.png" x="86" y="148" width="42" height="74"/>
	<SubTexture name="car6_red.png" x="44" y="74" width="43" height="74"/>
	<SubTexture name="car6_yellow.png" x="44" y="148" width="42" height="74"/>
	<SubTexture name="car7_blue.png" x="210" y="225" width="40" height="75"/>
	<SubTexture name="car7_green.png" x="290" y="332" width="40" height="75"/>
	<SubTexture name="car7_orange.png" x="210" y="300" width="40" height="75"/>
	<SubTexture name="car7_purple.png" x="170" y="75" width="41" height="75"/>
	<SubTexture name="car7_red.png" x="170" y="0" width="41" height="75"/>
	<SubTexture name="car7_yellow.png" x="330" y="328" width="40" height="75"/>
</TextureAtlas>