<TextureAtlas imagePath="sprites.png">
	<SubTexture name="Black.png" x="512" y="0" width="64" height="64"/>
	<SubTexture name="BlackTarget_WhiteCorner_LeftDown.png" x="0" y="128" width="64" height="64"/>
	<SubTexture name="BlackTarget_WhiteCorner_LeftUp.png" x="0" y="320" width="64" height="64"/>
	<SubTexture name="BlackTarget_WhiteCorner_RightDown.png" x="0" y="449" width="64" height="64"/>
	<SubTexture name="BlackTarget_WhiteCorner_RightUp.png" x="0" y="513" width="64" height="64"/>
	<SubTexture name="BlackTarget_WhiteHorizontal_Down.png" x="0" y="577" width="64" height="64"/>
	<SubTexture name="BlackTarget_WhiteHorizontal_Up.png" x="0" y="641" width="64" height="64"/>
	<SubTexture name="BlackTarget_WhiteJunctionDown_Left.png" x="0" y="705" width="64" height="64"/>
	<SubTexture name="BlackTarget_WhiteJunctionDown_Right.png" x="0" y="769" width="64" height="64"/>
	<SubTexture name="BlackTarget_WhiteJunctionUp_Left.png" x="64" y="0" width="64" height="64"/>
	<SubTexture name="BlackTarget_WhiteJunctionUp_Right.png" x="64" y="64" width="64" height="64"/>
	<SubTexture name="BlackTarget_WhiteVertical_Left.png" x="64" y="128" width="64" height="64"/>
	<SubTexture name="BlackTarget_WhiteVertical_Right.png" x="64" y="192" width="64" height="64"/>
	<SubTexture name="BlackTarget_YellowCorner_LeftDown.png" x="64" y="256" width="64" height="64"/>
	<SubTexture name="BlackTarget_YellowCorner_LeftUp.png" x="64" y="320" width="64" height="64"/>
	<SubTexture name="BlackTarget_YellowCorner_RightDown.png" x="64" y="384" width="64" height="64"/>
	<SubTexture name="BlackTarget_YellowCorner_RightUp.png" x="64" y="448" width="64" height="64"/>
	<SubTexture name="BlackTarget_YellowHorizontal_Down.png" x="64" y="512" width="64" height="64"/>
	<SubTexture name="BlackTarget_YellowHorizontal_Up.png" x="64" y="576" width="64" height="64"/>
	<SubTexture name="BlackTarget_YellowJunctionDown_Left.png" x="64" y="640" width="64" height="64"/>
	<SubTexture name="BlackTarget_YellowJunctionDown_Right.png" x="64" y="704" width="64" height="64"/>
	<SubTexture name="BlackTarget_YellowJunctionUp_Left.png" x="64" y="768" width="64" height="64"/>
	<SubTexture name="BlackTarget_YellowJunctionUp_Right.png" x="128" y="0" width="64" height="64"/>
	<SubTexture name="BlackTarget_YellowVertical_Left.png" x="128" y="64" width="64" height="64"/>
	<SubTexture name="BlackTarget_YellowVertical_Right.png" x="128" y="128" width="64" height="64"/>
	<SubTexture name="Black_BigHole_LeftDown.png" x="128" y="192" width="64" height="64"/>
	<SubTexture name="Black_BigHole_LeftUp.png" x="128" y="256" width="64" height="64"/>
	<SubTexture name="Black_BigHole_RightDown.png" x="128" y="320" width="64" height="64"/>
	<SubTexture name="Black_BigHole_RightUp.png" x="128" y="384" width="64" height="64"/>
	<SubTexture name="Black_ConcreteCorner_LeftDown.png" x="128" y="448" width="64" height="64"/>
	<SubTexture name="Black_ConcreteCorner_LeftUp.png" x="128" y="512" width="64" height="64"/>
	<SubTexture name="Black_ConcreteCorner_RightDown.png" x="128" y="576" width="64" height="64"/>
	<SubTexture name="Black_ConcreteCorner_RightUp.png" x="128" y="640" width="64" height="64"/>
	<SubTexture name="Black_ConcreteHorizontal.png" x="128" y="704" width="64" height="64"/>
	<SubTexture name="Black_ConcreteStop_Down.png" x="128" y="768" width="64" height="64"/>
	<SubTexture name="Black_ConcreteStop_Left.png" x="192" y="0" width="64" height="64"/>
	<SubTexture name="Black_ConcreteStop_Right.png" x="192" y="64" width="64" height="64"/>
	<SubTexture name="Black_ConcreteStop_Up.png" x="192" y="128" width="64" height="64"/>
	<SubTexture name="Black_ConcreteVertical.png" x="192" y="192" width="64" height="64"/>
	<SubTexture name="Black_GrassCorner_LeftDown.png" x="512" y="64" width="64" height="64"/>
	<SubTexture name="Black_GrassCorner_LeftUp.png" x="384" y="448" width="64" height="64"/>
	<SubTexture name="Black_GrassCorner_RightDown.png" x="576" y="576" width="64" height="64"/>
	<SubTexture name="Black_GrassCorner_RightUp.png" x="576" y="640" width="64" height="64"/>
	<SubTexture name="Black_GrassStop_Down.png" x="576" y="704" width="64" height="64"/>
	<SubTexture name="Black_GrassStop_Horizontal.png" x="384" y="320" width="64" height="64"/>
	<SubTexture name="Black_GrassStop_Left.png" x="576" y="512" width="64" height="64"/>
	<SubTexture name="Black_GrassStop_Right.png" x="576" y="448" width="64" height="64"/>
	<SubTexture name="Black_GrassStop_Up.png" x="768" y="384" width="64" height="64"/>
	<SubTexture name="Black_GrassVertical.png" x="768" y="320" width="64" height="64"/>
	<SubTexture name="Black_ShortStripeWhite_Horizontal.png" x="768" y="256" width="64" height="64"/>
	<SubTexture name="Black_ShortStripeWhite_Vertical.png" x="768" y="192" width="64" height="64"/>
	<SubTexture name="Black_ShortStripeYellow_Horizontal.png" x="768" y="128" width="64" height="64"/>
	<SubTexture name="Black_ShortStripeYellow_Vertical.png" x="768" y="64" width="64" height="64"/>
	<SubTexture name="Black_SiderwalkOpen_Down.png" x="768" y="0" width="64" height="64"/>
	<SubTexture name="Black_SiderwalkOpen_Left.png" x="704" y="768" width="64" height="64"/>
	<SubTexture name="Black_SiderwalkOpen_Right.png" x="704" y="704" width="64" height="64"/>
	<SubTexture name="Black_SiderwalkOpen_Up.png" x="704" y="640" width="64" height="64"/>
	<SubTexture name="Black_Sidewalk_Down.png" x="704" y="576" width="64" height="64"/>
	<SubTexture name="Black_Sidewalk_Left.png" x="704" y="512" width="64" height="64"/>
	<SubTexture name="Black_Sidewalk_Right.png" x="704" y="448" width="64" height="64"/>
	<SubTexture name="Black_Sidewalk_Up.png" x="704" y="384" width="64" height="64"/>
	<SubTexture name="Black_SmallHole.png" x="704" y="320" width="64" height="64"/>
	<SubTexture name="Black_StripeWhite_Horizontal.png" x="704" y="256" width="64" height="64"/>
	<SubTexture name="Black_StripeWhite_Vertical.png" x="704" y="192" width="64" height="64"/>
	<SubTexture name="Black_StripeYellow_Horizontal.png" x="704" y="128" width="64" height="64"/>
	<SubTexture name="Black_StripeYellow_Vertical.png" x="704" y="64" width="64" height="64"/>
	<SubTexture name="Black_TwoCones_Horizontal.png" x="704" y="0" width="64" height="64"/>
	<SubTexture name="Black_TwoCones_Left.png" x="640" y="768" width="64" height="64"/>
	<SubTexture name="Black_TwoCones_Right.png" x="640" y="704" width="64" height="64"/>
	<SubTexture name="Black_WhiteCorner_LeftDown.png" x="640" y="640" width="64" height="64"/>
	<SubTexture name="Black_WhiteCorner_LeftUp.png" x="640" y="576" width="64" height="64"/>
	<SubTexture name="Black_WhiteCorner_RightDown.png" x="640" y="512" width="64" height="64"/>
	<SubTexture name="Black_WhiteCorner_RightUp.png" x="640" y="448" width="64" height="64"/>
	<SubTexture name="Black_WhiteJunctionDown.png" x="640" y="384" width="64" height="64"/>
	<SubTexture name="Black_WhiteJunctionUp.png" x="640" y="320" width="64" height="64"/>
	<SubTexture name="Black_YellowCorner_LeftDown .png" x="640" y="256" width="64" height="64"/>
	<SubTexture name="Black_YellowCorner_LeftUp.png" x="640" y="192" width="64" height="64"/>
	<SubTexture name="Black_YellowCorner_RightDown.png" x="640" y="128" width="64" height="64"/>
	<SubTexture name="Black_YellowCorner_RightUp.png" x="640" y="64" width="64" height="64"/>
	<SubTexture name="Black_YellowJunctionDown.png" x="640" y="0" width="64" height="64"/>
	<SubTexture name="Black_YellowJunctionUp.png" x="576" y="768" width="64" height="64"/>
	<SubTexture name="Block_Horizontal.png" x="0" y="833" width="32" height="18"/>
	<SubTexture name="Block_Vertical.png" x="815" y="677" width="18" height="32"/>
	<SubTexture name="CarLight.png" x="768" y="774" width="43" height="77"/>
	<SubTexture name="Cone.png" x="32" y="833" width="16" height="15"/>
	<SubTexture name="Grass.png" x="768" y="448" width="64" height="65"/>
	<SubTexture name="Gray.png" x="576" y="384" width="64" height="64"/>
	<SubTexture name="GrayTarget_WhiteCorner_LeftDown.png" x="576" y="320" width="64" height="64"/>
	<SubTexture name="GrayTarget_WhiteCorner_LeftUp.png" x="576" y="256" width="64" height="64"/>
	<SubTexture name="GrayTarget_WhiteCorner_RightDown.png" x="576" y="192" width="64" height="64"/>
	<SubTexture name="GrayTarget_WhiteCorner_RightUp.png" x="576" y="128" width="64" height="64"/>
	<SubTexture name="GrayTarget_WhiteHorizontal_Down.png" x="576" y="64" width="64" height="64"/>
	<SubTexture name="GrayTarget_WhiteHorizontal_Up.png" x="576" y="0" width="64" height="64"/>
	<SubTexture name="GrayTarget_WhiteJunctionDown_Left.png" x="512" y="768" width="64" height="64"/>
	<SubTexture name="GrayTarget_WhiteJunctionDown_Right.png" x="512" y="704" width="64" height="64"/>
	<SubTexture name="GrayTarget_WhiteJunctionUp_Left.png" x="512" y="640" width="64" height="64"/>
	<SubTexture name="GrayTarget_WhiteJunctionUp_Right.png" x="512" y="576" width="64" height="64"/>
	<SubTexture name="GrayTarget_WhiteVertical_Left.png" x="512" y="512" width="64" height="64"/>
	<SubTexture name="GrayTarget_WhiteVertical_Right.png" x="512" y="448" width="64" height="64"/>
	<SubTexture name="GrayTarget_YellowCorner_LeftDown.png" x="512" y="384" width="64" height="64"/>
	<SubTexture name="GrayTarget_YellowCorner_LeftUp.png" x="512" y="320" width="64" height="64"/>
	<SubTexture name="GrayTarget_YellowCorner_RightDown.png" x="512" y="256" width="64" height="64"/>
	<SubTexture name="GrayTarget_YellowCorner_RightUp.png" x="512" y="192" width="64" height="64"/>
	<SubTexture name="GrayTarget_YellowHorizontal_Down.png" x="512" y="128" width="64" height="64"/>
	<SubTexture name="GrayTarget_YellowHorizontal_Up.png" x="0" y="64" width="64" height="64"/>
	<SubTexture name="GrayTarget_YellowJunctionDown_Left.png" x="0" y="0" width="64" height="64"/>
	<SubTexture name="GrayTarget_YellowJunctionDown_Right.png" x="448" y="768" width="64" height="64"/>
	<SubTexture name="GrayTarget_YellowJunctionUp_Left.png" x="448" y="704" width="64" height="64"/>
	<SubTexture name="GrayTarget_YellowJunctionUp_Right.png" x="448" y="640" width="64" height="64"/>
	<SubTexture name="GrayTarget_YellowVertical_Left.png" x="448" y="576" width="64" height="64"/>
	<SubTexture name="GrayTarget_YellowVertical_Right.png" x="448" y="512" width="64" height="64"/>
	<SubTexture name="Gray_BigHole_DownLeft.png" x="448" y="448" width="64" height="64"/>
	<SubTexture name="Gray_BigHole_DownRight.png" x="448" y="384" width="64" height="64"/>
	<SubTexture name="Gray_BigHole_LeftUp.png" x="448" y="320" width="64" height="64"/>
	<SubTexture name="Gray_BigHole_RightUp.png" x="448" y="256" width="64" height="64"/>
	<SubTexture name="Gray_ConcreteCorner_LeftDown.png" x="448" y="192" width="64" height="64"/>
	<SubTexture name="Gray_ConcreteCorner_LeftUp.png" x="448" y="128" width="64" height="64"/>
	<SubTexture name="Gray_ConcreteCorner_RightDown.png" x="448" y="64" width="64" height="64"/>
	<SubTexture name="Gray_ConcreteCorner_RightUp.png" x="448" y="0" width="64" height="64"/>
	<SubTexture name="Gray_ConcreteHorizontal.png" x="384" y="768" width="64" height="64"/>
	<SubTexture name="Gray_ConcreteStop_Down.png" x="384" y="704" width="64" height="64"/>
	<SubTexture name="Gray_ConcreteStop_Left.png" x="384" y="640" width="64" height="64"/>
	<SubTexture name="Gray_ConcreteStop_Right.png" x="384" y="576" width="64" height="64"/>
	<SubTexture name="Gray_ConcreteStop_Up.png" x="384" y="512" width="64" height="64"/>
	<SubTexture name="Gray_ConcreteVertical.png" x="384" y="384" width="64" height="64"/>
	<SubTexture name="Gray_GrassCorner_LeftDown.png" x="0" y="256" width="64" height="64"/>
	<SubTexture name="Gray_GrassCorner_LeftUp.png" x="0" y="192" width="64" height="64"/>
	<SubTexture name="Gray_GrassCorner_RightDown.png" x="384" y="256" width="64" height="64"/>
	<SubTexture name="Gray_GrassCorner_RightUp.png" x="384" y="192" width="64" height="64"/>
	<SubTexture name="Gray_GrassHorizontal.png" x="384" y="128" width="64" height="64"/>
	<SubTexture name="Gray_GrassStop_Down.png" x="384" y="64" width="64" height="64"/>
	<SubTexture name="Gray_GrassStop_Left.png" x="384" y="0" width="64" height="64"/>
	<SubTexture name="Gray_GrassStop_Right.png" x="320" y="768" width="64" height="64"/>
	<SubTexture name="Gray_GrassStop_Up.png" x="320" y="704" width="64" height="64"/>
	<SubTexture name="Gray_GrassVertical.png" x="320" y="640" width="64" height="64"/>
	<SubTexture name="Gray_ShortStripeWhite_Horizontal.png" x="320" y="576" width="64" height="64"/>
	<SubTexture name="Gray_ShortStripeWhite_Vertical.png" x="320" y="512" width="64" height="64"/>
	<SubTexture name="Gray_ShortStripeYellow_Horizontal.png" x="320" y="448" width="64" height="64"/>
	<SubTexture name="Gray_ShortStripeYellow_Vertical.png" x="320" y="384" width="64" height="64"/>
	<SubTexture name="Gray_SiderwalkOpen_Down.png" x="320" y="320" width="64" height="64"/>
	<SubTexture name="Gray_SiderwalkOpen_Left.png" x="320" y="256" width="64" height="64"/>
	<SubTexture name="Gray_SiderwalkOpen_Right.png" x="320" y="192" width="64" height="64"/>
	<SubTexture name="Gray_SiderwalkOpen_Up.png" x="320" y="128" width="64" height="64"/>
	<SubTexture name="Gray_Sidewalk_Down.png" x="320" y="64" width="64" height="64"/>
	<SubTexture name="Gray_Sidewalk_Left.png" x="320" y="0" width="64" height="64"/>
	<SubTexture name="Gray_Sidewalk_Right.png" x="256" y="768" width="64" height="64"/>
	<SubTexture name="Gray_Sidewalk_Up.png" x="256" y="704" width="64" height="64"/>
	<SubTexture name="Gray_SmallHole.png" x="256" y="640" width="64" height="64"/>
	<SubTexture name="Gray_StripeWhite_Horizontal.png" x="256" y="576" width="64" height="64"/>
	<SubTexture name="Gray_StripeWhite_Vertical.png" x="256" y="512" width="64" height="64"/>
	<SubTexture name="Gray_StripeYellow_Horizontal.png" x="256" y="448" width="64" height="64"/>
	<SubTexture name="Gray_StripeYellow_Vertical.png" x="256" y="384" width="64" height="64"/>
	<SubTexture name="Gray_TwoCones_Horizontal.png" x="256" y="320" width="64" height="64"/>
	<SubTexture name="Gray_TwoCones_Left.png" x="256" y="256" width="64" height="64"/>
	<SubTexture name="Gray_TwoCones_Right.png" x="256" y="192" width="64" height="64"/>
	<SubTexture name="Gray_WhiteCorner_LeftDown.png" x="256" y="128" width="64" height="64"/>
	<SubTexture name="Gray_WhiteCorner_LeftUp.png" x="256" y="64" width="64" height="64"/>
	<SubTexture name="Gray_WhiteCorner_RightDown.png" x="256" y="0" width="64" height="64"/>
	<SubTexture name="Gray_WhiteCorner_RightUp.png" x="192" y="768" width="64" height="64"/>
	<SubTexture name="Gray_WhiteJunctionDown.png" x="192" y="704" width="64" height="64"/>
	<SubTexture name="Gray_WhiteJunctionUp.png" x="192" y="640" width="64" height="64"/>
	<SubTexture name="Gray_YellowCorner_LeftDown.png" x="192" y="576" width="64" height="64"/>
	<SubTexture name="Gray_YellowCorner_LeftUp.png" x="192" y="512" width="64" height="64"/>
	<SubTexture name="Gray_YellowCorner_RightDown.png" x="192" y="448" width="64" height="64"/>
	<SubTexture name="Gray_YellowCorner_RightUp.png" x="192" y="384" width="64" height="64"/>
	<SubTexture name="Gray_YellowJunctionDown.png" x="192" y="320" width="64" height="64"/>
	<SubTexture name="Gray_YellowJunctionUp.png" x="192" y="256" width="64" height="64"/>
	<SubTexture name="Person_BlueBlack1.png" x="64" y="832" width="22" height="28"/>
	<SubTexture name="Person_BlueBlack2.png" x="108" y="832" width="22" height="28"/>
	<SubTexture name="Person_BlueBlond1.png" x="86" y="832" width="22" height="28"/>
	<SubTexture name="Person_BlueBlond2.png" x="741" y="832" width="21" height="28"/>
	<SubTexture name="Person_BlueBrown1.png" x="130" y="832" width="22" height="28"/>
	<SubTexture name="Person_BlueBrown2.png" x="699" y="832" width="21" height="28"/>
	<SubTexture name="Person_GreenBlack1.png" x="174" y="832" width="22" height="28"/>
	<SubTexture name="Person_GreenBlack2.png" x="196" y="832" width="22" height="28"/>
	<SubTexture name="Person_GreenBlond1.png" x="218" y="832" width="22" height="28"/>
	<SubTexture name="Person_GreenBlond2.png" x="657" y="832" width="21" height="28"/>
	<SubTexture name="Person_GreenBrown1.png" x="262" y="832" width="22" height="28"/>
	<SubTexture name="Person_GreenBrown2.png" x="814" y="739" width="21" height="28"/>
	<SubTexture name="Person_OrangeBlack1.png" x="306" y="832" width="22" height="28"/>
	<SubTexture name="Person_OrangeBlack2.png" x="328" y="832" width="22" height="28"/>
	<SubTexture name="Person_OrangeBlond1.png" x="350" y="832" width="22" height="28"/>
	<SubTexture name="Person_OrangeBlond2.png" x="814" y="711" width="21" height="28"/>
	<SubTexture name="Person_OrangeBrown1.png" x="394" y="832" width="22" height="28"/>
	<SubTexture name="Person_OrangeBrown2.png" x="152" y="832" width="22" height="28"/>
	<SubTexture name="Person_PerpleBlond1.png" x="438" y="832" width="22" height="28"/>
	<SubTexture name="Person_PerpleBlond2.png" x="720" y="832" width="21" height="28"/>
	<SubTexture name="Person_PurpleBlack1.png" x="482" y="832" width="22" height="28"/>
	<SubTexture name="Person_PurpleBlack2.png" x="504" y="832" width="22" height="28"/>
	<SubTexture name="Person_PurpleBrown1.png" x="240" y="832" width="22" height="28"/>
	<SubTexture name="Person_PurpleBrown2.png" x="636" y="832" width="21" height="28"/>
	<SubTexture name="Person_RedBlack1.png" x="284" y="832" width="22" height="28"/>
	<SubTexture name="Person_RedBlack2.png" x="372" y="832" width="22" height="28"/>
	<SubTexture name="Person_RedBlond1.png" x="460" y="832" width="22" height="28"/>
	<SubTexture name="Person_RedBlond2.png" x="815" y="649" width="21" height="28"/>
	<SubTexture name="Person_RedBrown1.png" x="614" y="832" width="22" height="28"/>
	<SubTexture name="Person_RedBrown2.png" x="678" y="832" width="21" height="28"/>
	<SubTexture name="Person_YellowBlack1.png" x="570" y="832" width="22" height="28"/>
	<SubTexture name="Person_YellowBlack2.png" x="592" y="832" width="22" height="28"/>
	<SubTexture name="Person_YellowBlond1.png" x="548" y="832" width="22" height="28"/>
	<SubTexture name="Person_YellowBlond2.png" x="811" y="811" width="21" height="28"/>
	<SubTexture name="Person_YellowBrown1.png" x="526" y="832" width="22" height="28"/>
	<SubTexture name="Person_YellowBrown2.png" x="416" y="832" width="22" height="28"/>
	<SubTexture name="Sidewalk.png" x="0" y="384" width="64" height="65"/>
	<SubTexture name="Streetlamp_Down.png" x="768" y="711" width="46" height="63"/>
	<SubTexture name="Streetlamp_Left.png" x="768" y="560" width="62" height="47"/>
	<SubTexture name="Streetlamp_Right.png" x="768" y="513" width="63" height="47"/>
	<SubTexture name="Streetlamp_Up.png" x="768" y="649" width="47" height="62"/>
	<SubTexture name="TreeBush1.png" x="811" y="774" width="43" height="37"/>
	<SubTexture name="TreeBush2.png" x="768" y="607" width="49" height="42"/>
</TextureAtlas>